{"MSE": 2.4502122417622956, "_timestamp": 1685715123.399488, "_runtime": 3.9085640907287598, "_step": 0, "_wandb": {"runtime": 3}}