{"MSE": 2.4515711666132813, "_timestamp": 1685715138.6072261, "_runtime": 3.294347047805786, "_step": 0, "_wandb": {"runtime": 2}}