{"MSE": 2.4506825356474464, "_timestamp": 1685715091.32653, "_runtime": 4.125427007675171, "_step": 0, "_wandb": {"runtime": 3}}