{"MSE": 2.453983836538874, "_timestamp": 1685714251.060401, "_runtime": 7.130002021789551, "_step": 0, "_wandb": {"runtime": 6}}