{"MSE": 2.4530542267650346, "_timestamp": 1685715074.481398, "_runtime": 3.305294990539551, "_step": 0, "_wandb": {"runtime": 2}}