{"MSE": 2.4506203873192556, "_timestamp": 1685715107.934023, "_runtime": 4.093914985656738, "_step": 0, "_wandb": {"runtime": 3}}